artist_name;song_title;token
Ed Sheeran;Hold On;it
Ed Sheeran;Hold On;alright
Ed Sheeran;Hold On;to
Ed Sheeran;Hold On;cry
Ed Sheeran;Hold On;even
Ed Sheeran;Hold On;my
Ed Sheeran;Hold On;dad
Ed Sheeran;Hold On;does
Ed Sheeran;Hold On;sometimes
Ed Sheeran;Hold On;so
Ed Sheeran;Hold On;don't
Ed Sheeran;Hold On;wipe
Ed Sheeran;Hold On;your
Ed Sheeran;Hold On;eyes
Ed Sheeran;Hold On;tears
Ed Sheeran;Hold On;remind
Ed Sheeran;Hold On;you
Ed Sheeran;Hold On;you're
Ed Sheeran;Hold On;alive
Ed Sheeran;Hold On;it
Ed Sheeran;Hold On;alright
Ed Sheeran;Hold On;to
Ed Sheeran;Hold On;die
Ed Sheeran;Hold On;'cause
Ed Sheeran;Hold On;death
Ed Sheeran;Hold On;the
Ed Sheeran;Hold On;only
Ed Sheeran;Hold On;thing
Ed Sheeran;Hold On;you
Ed Sheeran;Hold On;haven't
Ed Sheeran;Hold On;tried
Ed Sheeran;Hold On;but
Ed Sheeran;Hold On;just
Ed Sheeran;Hold On;for
Ed Sheeran;Hold On;tonight
Ed Sheeran;Hold On;hold
Ed Sheeran;Hold On;on
Ed Sheeran;Hold On;so
Ed Sheeran;Hold On;live
Ed Sheeran;Hold On;life
Ed Sheeran;Hold On;like
Ed Sheeran;Hold On;you're
Ed Sheeran;Hold On;giving
Ed Sheeran;Hold On;up
Ed Sheeran;Hold On;'cause
Ed Sheeran;Hold On;you
Ed Sheeran;Hold On;act
Ed Sheeran;Hold On;like
Ed Sheeran;Hold On;you
Ed Sheeran;Hold On;are
Ed Sheeran;Hold On;go
Ed Sheeran;Hold On;ahead
Ed Sheeran;Hold On;and
Ed Sheeran;Hold On;just
Ed Sheeran;Hold On;live
Ed Sheeran;Hold On;it
Ed Sheeran;Hold On;up
Ed Sheeran;Hold On;go
Ed Sheeran;Hold On;on
Ed Sheeran;Hold On;and
Ed Sheeran;Hold On;tear
Ed Sheeran;Hold On;me
Ed Sheeran;Hold On;apart
Ed Sheeran;Hold On;it
Ed Sheeran;Hold On;alright
Ed Sheeran;Hold On;to
Ed Sheeran;Hold On;cry
Ed Sheeran;Hold On;even
Ed Sheeran;Hold On;my
Ed Sheeran;Hold On;dad
Ed Sheeran;Hold On;does
Ed Sheeran;Hold On;sometimes
Ed Sheeran;Hold On;so
Ed Sheeran;Hold On;don't
Ed Sheeran;Hold On;wipe
Ed Sheeran;Hold On;your
Ed Sheeran;Hold On;eyes
Ed Sheeran;Hold On;tears
Ed Sheeran;Hold On;remind
Ed Sheeran;Hold On;you
Ed Sheeran;Hold On;you're
Ed Sheeran;Hold On;alive
Ed Sheeran;Hold On;it
Ed Sheeran;Hold On;alright
Ed Sheeran;Hold On;to
Ed Sheeran;Hold On;die
Ed Sheeran;Hold On;'cause
Ed Sheeran;Hold On;death
Ed Sheeran;Hold On;the
Ed Sheeran;Hold On;only
Ed Sheeran;Hold On;thing
Ed Sheeran;Hold On;you
Ed Sheeran;Hold On;haven't
Ed Sheeran;Hold On;tried
Ed Sheeran;Hold On;but
Ed Sheeran;Hold On;just
Ed Sheeran;Hold On;for
Ed Sheeran;Hold On;tonight
Ed Sheeran;Hold On;hold
Ed Sheeran;Hold On;on
Ed Sheeran;Hold On;so
Ed Sheeran;Hold On;live
Ed Sheeran;Hold On;life
Ed Sheeran;Hold On;like
Ed Sheeran;Hold On;you're
Ed Sheeran;Hold On;giving
Ed Sheeran;Hold On;up
Ed Sheeran;Hold On;'cause
Ed Sheeran;Hold On;you
Ed Sheeran;Hold On;act
Ed Sheeran;Hold On;like
Ed Sheeran;Hold On;you
Ed Sheeran;Hold On;are
Ed Sheeran;Hold On;go
Ed Sheeran;Hold On;ahead
Ed Sheeran;Hold On;and
Ed Sheeran;Hold On;just
Ed Sheeran;Hold On;live
Ed Sheeran;Hold On;it
Ed Sheeran;Hold On;up
Ed Sheeran;Hold On;go
Ed Sheeran;Hold On;on
Ed Sheeran;Hold On;and
Ed Sheeran;Hold On;tear
Ed Sheeran;Hold On;me
Ed Sheeran;Hold On;apart
Ed Sheeran;Hold On;it
Ed Sheeran;Hold On;alright
Ed Sheeran;Hold On;to
Ed Sheeran;Hold On;shake
Ed Sheeran;Hold On;even
Ed Sheeran;Hold On;my
Ed Sheeran;Hold On;hand
Ed Sheeran;Hold On;does
Ed Sheeran;Hold On;sometimes
Ed Sheeran;Hold On;so
Ed Sheeran;Hold On;inside
Ed Sheeran;Hold On;we'll
Ed Sheeran;Hold On;rage
Ed Sheeran;Hold On;against
Ed Sheeran;Hold On;the
Ed Sheeran;Hold On;dying
Ed Sheeran;Hold On;of
Ed Sheeran;Hold On;the
Ed Sheeran;Hold On;light
Ed Sheeran;Hold On;it
Ed Sheeran;Hold On;alright
Ed Sheeran;Hold On;to
Ed Sheeran;Hold On;say
Ed Sheeran;Hold On;that
Ed Sheeran;Hold On;death
Ed Sheeran;Hold On;the
Ed Sheeran;Hold On;only
Ed Sheeran;Hold On;thing
Ed Sheeran;Hold On;you
Ed Sheeran;Hold On;haven't
Ed Sheeran;Hold On;tried
Ed Sheeran;Hold On;but
Ed Sheeran;Hold On;just
Ed Sheeran;Hold On;for
Ed Sheeran;Hold On;today
Ed Sheeran;Hold On;hold
Ed Sheeran;Hold On;on
Ed Sheeran;Hold On;so
Ed Sheeran;Hold On;live
Ed Sheeran;Hold On;life
Ed Sheeran;Hold On;like
Ed Sheeran;Hold On;you're
Ed Sheeran;Hold On;giving
Ed Sheeran;Hold On;up
Ed Sheeran;Hold On;'cause
Ed Sheeran;Hold On;you
Ed Sheeran;Hold On;act
Ed Sheeran;Hold On;like
Ed Sheeran;Hold On;you
Ed Sheeran;Hold On;are
Ed Sheeran;Hold On;go
Ed Sheeran;Hold On;ahead
Ed Sheeran;Hold On;and
Ed Sheeran;Hold On;just
Ed Sheeran;Hold On;live
Ed Sheeran;Hold On;it
Ed Sheeran;Hold On;up
Ed Sheeran;Hold On;go
Ed Sheeran;Hold On;on
Ed Sheeran;Hold On;and
Ed Sheeran;Hold On;tear
Ed Sheeran;Hold On;me
Ed Sheeran;Hold On;apart
Ed Sheeran;Hold On;and
Ed Sheeran;Hold On;hold
Ed Sheeran;Hold On;on
Ed Sheeran;Hold On;live
Ed Sheeran;Hold On;life
Ed Sheeran;Hold On;like
Ed Sheeran;Hold On;you're
Ed Sheeran;Hold On;giving
Ed Sheeran;Hold On;up
Ed Sheeran;Hold On;'cause
Ed Sheeran;Hold On;you
Ed Sheeran;Hold On;act
Ed Sheeran;Hold On;like
Ed Sheeran;Hold On;you
Ed Sheeran;Hold On;are
Ed Sheeran;Hold On;go
Ed Sheeran;Hold On;ahead
Ed Sheeran;Hold On;and
Ed Sheeran;Hold On;just
Ed Sheeran;Hold On;live
Ed Sheeran;Hold On;it
Ed Sheeran;Hold On;up
Ed Sheeran;Hold On;go
Ed Sheeran;Hold On;on
Ed Sheeran;Hold On;and
Ed Sheeran;Hold On;tear
Ed Sheeran;Hold On;me
Ed Sheeran;Hold On;apart
Ed Sheeran;Hold On;and
Ed Sheeran;Hold On;hold
Ed Sheeran;Hold On;on
